company_number,company_name,date_of_creation,company_status,company_type,sic_codes,registered_office_address,agent_address
17428271,QTYONE UK LTD,2026-08-30,active,ltd,46900;47750,"3 Wren Street, Preston, PR1 6TB, England",no
17428270,DANMAREVM LTD,2026-08-30,active,ltd,43999;49410,"52 High Road West, Felixstowe, IP11 9JE, England",no
17428269,FIERCE MILD CATERING LTD,2026-08-30,active,ltd,56210,"The Coach House, Powell Road, Buckhurst Hill, IG9 5RD, England",no
17428571,THE SWEET & SIP LIMITED,2026-08-31,active,ltd,56103,"186 Du Cane Road, London, W12 0BJ, England",no
17428716,GRAEM UK LTD,2026-08-31,active,ltd,41100;41202;43390;43999,"4 Beech Close, London, SE8 5HS, England",no
17428788,VANGUARD RESPONSE GROUP LTD,2026-08-31,active,ltd,74202;96090,"18 Hoffmanns Way, Chelmsford, CM1 1GU, England",no
SC900918,CRANE HOUSE EDINBURGH LIMITED,2026-08-31,active,ltd,56103,"197 King Street, Aberdeen, AB24 5AH, Scotland",no
17428902,PAWS FOR THOUGHT CANINE CENTRE LTD,2026-08-31,active,ltd,93290;96090,"Apartment 6 1 Beech Close, Harrogate, HG2 0FF, England",no
17428904,BUILD CRAFT ROOFING & BUILDING LTD,2026-08-31,active,ltd,43910,"Unit 1a Imperial Court, Exchange Street East, Liverpool, L2 3AB, England",no
17428906,FIDUCIA TOGETHER LTD,2026-08-31,active,ltd,62012;85590;88100;88990,"9 Merlin Grove, Leyland, PR25 1DA, England",no
17429167,ROUTE TO TRANSMISSION CIC,2026-09-01,active,private-limited-guarant-nsc,85590;85600;88990;94990,"2 Shaftesbury Waye, Hayes, UB4 0HL, England",no
17429171,LILY HAIR SALON LTD,2026-09-01,active,ltd,96020,"Lee House, 116-118 Oldham Road, Manchester, M4 6AG, England",no
17429295,MYKIN LIMITED,2026-09-01,active,ltd,43210;46190;61900;62012,"5 Villa Road, Northstowe, Cambridge, CB24 1BU, England",no
17429297,LAYALANI LONDON LIMITED,2026-09-01,active,ltd,20420;47750;47910,"The Cottage Shaws Lane, Old Leake, Boston, PE22 9LQ, England",no
17429442,MBM CHURCH ROAD LTD,2026-09-01,active,ltd,56103,"150 Church Road, London, NW10 9NH, England",no
17429796,DIGGERS CAFE LTD,2026-09-01,active,ltd,56102,"147b Victoria Road, Scarborough, YO11 1SY, United Kingdom",no
17429790,AVIS CARS & CAMPERS LTD,2026-09-01,active,private-limited-guarant-nsc,45112;45200,"17 West View Hopwood Lane, Halifax, HX1 3YA, England",no
17430160,CITY STORE GROUP LIMITED,2026-09-01,active,ltd,47110,"14 Station Parade, Harrogate, HG1 1UE, England",no
17430342,JLF HOSPITALITY LTD,2026-09-01,active,ltd,56302,"60 Lawrence Avenue, Wednesfield, Wolverhampton, WV11 3PE, England",no
17430345,SW3 CLEANING LIMITED,2026-09-01,active,ltd,81210,"Flat 26 Toulouse Court, 2 Rossetti Road, London, SE16 3EA, England",no
17430358,NEXA AI CREATIVE LTD,2026-09-01,active,ltd,62012;62020;73110;74209,"71-75 Shelton Street, Covent Garden, London, WC2H 9JQ, United Kingdom",yes
17430337,KIING STORE LTD,2026-09-01,active,ltd,47110,"175 County Road, Walton, Liverpool, L4 5PB, England",no
17430339,THE KEPT MORNING LIMITED,2026-09-01,active,ltd,47110;56102;90030,"Office 10 Broadaxe Business Park, Presteigne, Powys, LD8 2UH, United Kingdom",no
17430350,99 LUX NAILS LTD,2026-09-01,active,ltd,96020,"20 Broad Street, Welshpool, SY21 7SD, United Kingdom",no
17430455,DUO CLEAN SERVICES LTD,2026-09-01,active,ltd,81210,"49 Station Road, Polegate, BN26 6EA, England",no
17430450,CILANTRO MEAL PREP LTD,2026-09-01,active,ltd,56290,"40 Littlebrook Avenue, Slough, SL2 2NN, England",no
17430763,CAV-EX SOLUTIONS LTD,2026-09-01,active,ltd,43999,"Deanfield House,, 98 Lancaster Road, Newcastle Under Lyme, Staffordshire, ST5 1DS, England",no
17430767,ENCHANTED PAWS LIMITED,2026-09-01,active,ltd,96090,"482 Rochester Road, Burham, Rochester, ME1 3RH, England",no
SC901077,EXTREME PILATES LTD,2026-09-01,active,ltd,93130,"142 Unit 2 Crownpoint Road, Glasgow, G40 2AE, Scotland",no
17431085,CBE ELECTRICAL CONTRACTORS LTD,2026-09-01,active,ltd,43210,"Unit 3b Edison Court Ellice Way, Wrexham Technology Park, Wrexham, LL13 7YT, Wales",no
17431319,DESSERT TREE LIMITED,2026-09-01,active,ltd,56103,"5 Bold Street, Sandbach, CW11 1GR, England",no
SC901107,COLLABORATIVE INTERVENTION SERVICES LTD,2026-09-01,active,ltd,01500;55209;70229;71129,"3 Prospect Place, Westhill, Aberdeenshire, AB32 6SY, Scotland",no
17431316,LEGACY MANAGEMENT CONSULTANTS LTD,2026-09-01,active,ltd,62012;66210;70229;85590,"514a Welford Road, Leicester, LE2 6EN, England",no
17431558,ASHBY NEWS LTD,2026-09-01,active,ltd,47110,"131-133 Coronation Road, Manchester, M26 3LP, United Kingdom",no
17431576,URBAN ROOFING SERVICES LTD,2026-09-01,active,ltd,43910,"Flat 1 Holmeswood Court, 135 High Road, London, N22 6AY, England",no
17431546,BOTHWAYS GROUP LIMITED,2026-09-01,active,ltd,47990;59112;74201;88990,"10 Rosefinch Road, Coventry, CV6 4PW, England",no
17431549,THE TRIDENT COLLECTIVE (264) LIMITED,2026-09-01,active,ltd,56210,"20 Northwood Place, Erith, DA18 4HN, England",no
17431967,FQM INTERNATIONAL LTD,2026-09-01,active,ltd,47190,"218 Wensley Road, Blackburn, BB2 6SS, England",no
17431978,DIZARTÉ LTD,2026-09-01,active,ltd,47240;56102;56103,"127 Salop Street, Wolverhampton, WV3 0RX, England",no
17431969,MILNER CONSTRUCTION AND DEVELOPMENT LTD,2026-09-01,active,ltd,41202,"13 Bays Hill, Newtown, Berkeley, GL13 9NT, England",no
17432095,RAFFAY HALAL BUTCHER LTD,2026-09-01,active,ltd,47220,"519 Slade Road, Birmingham, B23 7JG, England",no
17432176,JFLOW HEATING LTD,2026-09-01,active,ltd,43220,"5 Horwood Gardens, Basingstoke, RG21 3NR, England",no
17432285,KUNZ LTD,2026-09-02,active,ltd,47910;49320;96090,"Flat 70 Wigan House, Warwick Grove, London, E5 9JE, England",no
17432415,BUILDERS OF A NATION CIC,2026-09-02,active,private-limited-guarant-nsc,93130;96040,"19 Thornhill Square, London, N1 1BQ, England",no
17432422,WONDERFULSHOP LTD,2026-09-02,active,ltd,47190,"128 City Road, London, EC1V 2NX, United Kingdom",yes
17432403,LUELLIAN LTD,2026-09-02,active,ltd,46420;47710;47721,"71-75 Shelton Street, Covent Garden, London, WC2H 9JQ, United Kingdom",yes
17432411,MAHARJAN STUDIO LIMITED,2026-09-02,active,ltd,74209;82190,"105 Vincent Road, Dagenham, RM9 6AL, United Kingdom",no
17432620,BRIGHTON PROPERTY SOLUTIONS LTD,2026-09-02,active,ltd,55209,"15 Chesham Close, Worthing, West Sussex, BN12 4BJ, United Kingdom",no
17432830,CROW CONSULTANCY LTD,2026-09-02,active,ltd,85590,"49 Whitegate Drive, Blackpool, FY3 9DG, England",no
17432831,MOTAGOMES LTD,2026-09-02,active,ltd,47710;73110,"Apartment 508, 67 Hooper Street, Birmingham, B18 7BE, United Kingdom",no
17432964,PRIME TENANCY SERVICES LTD,2026-09-02,active,ltd,81210;81299,"508a Romford Road, London, E7 8AF, England",no
17432966,ACE HAIR & BEAUTY SUPPLIES LTD,2026-09-02,active,ltd,46450;47910;96020,"5 Wesley Close, Southwick, Trowbridge, BA14 9NX, England",no
17432955,CSW & ASSOCIATES LTD,2026-09-02,active,ltd,96090,"Key Hills Martin Top Lane, Rimington, Clitheroe, BB7 4EG, United Kingdom",no
17432949,TEESSQUARE HAIR & BEAUTY LTD,2026-09-02,active,ltd,96020,"Flat 1 110 Samuel Street, London, SE18 5LL, England",no
SC901238,LIVVI'S HIGHLAND HOME LTD,2026-09-02,active,ltd,56103,"Lagmhor Office, Little Dunkeld, Dunkeld, Perth And Kinross, PH8 0AD, United Kingdom",no
17433241,LDCLW LTD,2026-09-02,active,ltd,56302;80100,"100 Rhydwen Drive, Rhyl, LL18 2AT, Wales",no
17433232,NORDA INTERNATIONAL LTD,2026-09-02,active,ltd,41202;43999;46900;70229,"Office 213, Regus 200 Brook Drive, Green Park, Reading, Berkshire, RG2 6UB, England",no
17433387,SOMNATH ACADEMY LTD,2026-09-02,active,ltd,85520;85590;85600;90010,"Suite Ra01 195-197 Wood Street, London, E17 3NU, United Kingdom",no
17433384,SISOMARKET LTD,2026-09-02,active,ltd,96090,"128 City Road, London, EC1V 2NX, United Kingdom",yes
17433379,THE ACE OF BARBERS LTD,2026-09-02,active,ltd,96020,"62 Wrotham Road, Welling, DA16 1LN, England",no
17433365,MIARI GROUP LTD,2026-09-02,active,ltd,47910;56103,"7a Bulay Road, Huddersfield, West Yorkshire, HD1 3NH, United Kingdom",no
17433366,DIAMOND PPM LIMITED,2026-09-02,active,ltd,43220,"2 Dukes Court, Bognor Road, Chichester, West Sussex, PO19 8FX, England",no
17433369,PROSOLID BUILD LTD,2026-09-02,active,ltd,41202;43330;43390,"26 Harehills Tower Brigham Avenue, Newcastle Upon Tyne, NE3 4RE, United Kingdom",no
17433972,NOVARISE HOMES LTD,2026-09-02,active,ltd,43390,"3 Damery Court, Bramhall, Stockport, SK7 2JY, England",no
17433970,NCS YOUNG ONSET DEMENTIA CARE LTD,2026-09-02,active,ltd,96090,"Office Gf.115 South Staffordshire Business Hub, Wolverhampton Road, Codsall, Staffordshire, WV8 1PX, United Kingdom",no
17433944,KAPTAAN PARATHA HOUSE LIMITED,2026-09-02,active,ltd,56102,"102 Green Lane, Morden, SM4 6SS, England",no
17433957,UNIQUE REFURBISHMENTS LIMITED,2026-09-02,active,ltd,43390,"32 Woodstock Grove, London, W12 8LE, England",no
17434157,UAK LTD,2026-09-02,active,ltd,93130,"71-75 Shelton Street, Covent Garden, London, WC2H 9JQ, United Kingdom",yes
17434170,CCG CONSTRUCTION & CIVILS LIMITED,2026-09-02,active,ltd,43999,"Enterprise House, 38 Tyndall Court Commerce Road, Lynch Wood, Peterborough, PE2 6LR, United Kingdom",no
17434153,NUR EXPRESS LTD,2026-09-02,active,ltd,56102,"351 Norbury Avenue, London, SW16 3RW, England",no
17434150,PNI MANCHESTER LTD,2026-09-02,active,ltd,47290,"Unit W05 Canalot Studio, 222 Kensal Road, London, W10 5BN, England",no
17434154,ESS CLUB LTD,2026-09-02,active,ltd,56301,"31a Dewsbury Gate Road, Dewsbury, WF13 4AX, England",no
17434416,T MCLEAN CONTRACTS LTD,2026-09-02,active,ltd,41202,"66 Paul Street, London, England, EC2A 4NA, United Kingdom",yes
SC901329,ENERGIZE EDINBURGH LTD,2026-09-02,active,ltd,43210,"Bonnington Bond, 2 Anderson Place, Edinburgh, EH6 5NP, Scotland",no
SC901330,ORADEA MAGAZINE LTD,2026-09-02,active,ltd,56290,"143 Allison Street, Glasgow, G42 8RY, United Kingdom",no
17434530,COMMERCIAL CLEANING SERVICES LTD,2026-09-02,active,ltd,81210,"15 Leopold Street, Birmingham, B12 0UP, England",no
SC901341,APEX AUTO MOTIVE & BODY REPAIRS LTD,2026-09-02,active,ltd,45200,"60-62 Saughton Mains Gardens, Edinburgh, EH11 3QE, United Kingdom",no
17434542,SALEH SUMMIT LIMITED,2026-09-02,active,ltd,62012;62020;85590;85600,"71-75 Shelton Street, Covent Garden, London, WC2H 9JQ, United Kingdom",yes
17434540,CIMA CONSTRUCTION LIMITED,2026-09-02,active,ltd,41100;41202;43330;43390,"3 Muirfield Close, London, SE16 3BG, England",no
17434690,M & S BRADSHAW BUILDING LTD,2026-09-02,active,ltd,41202,"101 Sutton Field, Bordon, GU35 9BW, United Kingdom",no
17434699,EIGHT FOUR GROUP LIMITED,2026-09-02,active,ltd,56302,"14 Short Wyre Street, Colchester, CO1 1LN, England",no
17434758,NOOLA TRADING LTD,2026-09-02,active,ltd,47110,"128 City Road, London, EC1V 2NX, United Kingdom",yes
17434952,REBECCA JOHNSON AESTHETICS LTD,2026-09-02,active,ltd,96020,"130 Cowlersley Lane, Huddersfield, HD4 5UJ, England",no
17435592,WILLIAMS ENGINEERING ENTERPRISES LTD,2026-09-03,active,ltd,45200,"11 Gormans Close, Rogerstone, Newport, NP10 9PR, Wales",no
17435790,TDP TECHNOLOGIES LTD,2026-09-03,active,ltd,81222,"66 Paul Street, London, England, EC2A 4NA, United Kingdom",yes
17436187,VISUAL ROOFING AND GUTTERING LTD,2026-09-03,active,ltd,43910,"124 The Edge Clowes Street, Salford, M3 5NE, United Kingdom",no
17436232,VIDRA MEDICAL LIMITED,2026-09-03,active,ltd,47749,"Adam House, Birmingham Road, Kidderminster, DY10 2SH, England",no
17436362,GR1D KULTURE LTD,2026-09-03,active,ltd,82302;93199,"224 Old Church Road, London, E4 8BT, England",no
17436370,LOCAL OVEN CLEANING LTD,2026-09-03,active,ltd,81299,"128 City Road, London, EC1V 2NX, United Kingdom",yes
17436357,SOUTHERN ELEVATORS LTD,2026-09-03,active,ltd,41201,"42 Rutherglen Road, Abbey Wood, London, London, SE2 0XU, United Kingdom",no
17436570,PSYCHO SCALING STUDIOS LIMITED,2026-09-03,active,ltd,47710,"Office 20853 182-184 High Street North, East Ham, London, E6 2JA, United Kingdom",no
17436590,TM SPORTING ENTERPRISE LTD,2026-09-03,active,ltd,32300;93110;93199,"1 Northway Drive, Derby, DE1 1AG, United Kingdom",no
17436586,BG WINDOWS DOORS AND CONSERVATORIES LTD,2026-09-03,active,ltd,43290;43342,"100 Grovelands Road, Reading, RG30 2PD, England",no
17436572,MERIDIAN DISCOVERY SCIENCES LTD,2026-09-03,active,ltd,96090,"5 Albert Terrace, Harrogate, North Yorkshire, HG1 1HY, United Kingdom",no
17436578,MAYYIL ENTERPRISE LIMITED,2026-09-03,active,ltd,56102,"11 Barretts Green Road, London, NW10 7AE, England",no
17436582,SORINEL&N CARPENTRY LTD,2026-09-03,active,ltd,16230;41202;43390,"501 Honeypot Lane, Stanmore, HA7 1JH, England",no
17436857,LHP CATERING LIMITED,2026-09-03,active,ltd,56103,"8.02 The Southside Building, 31 Hurst Street, Birmingham, B5 4BD, United Kingdom",no
17436835,URBAN OUTKITTERZ LIMITED,2026-09-03,active,ltd,45200,"692-696 Stratford Road, Sparkhill, Birmingham, B11 4AT, England",no
17436834,SRR ELECTRICAL SERVICES LTD,2026-09-03,active,ltd,43210,"27 Usk Avenue, Thornton-Cleveleys, FY5 4FJ, United Kingdom",no
17436837,C&A BOWER LIMITED,2026-09-03,active,ltd,56302,"9 Hamilton Square, Wirral, Birkenhead, CH41 6AU, United Kingdom",no
SC901517,PLATINUM GLEAM LTD,2026-09-03,active,ltd,81299,"11 Sannox View, Ayr, KA8 0PR, Scotland",no
17436940,KREATO LTD,2026-09-03,active,ltd,41201,"4 Dagmar Road, Southall, UB2 5NX, England",no
17436937,SPACES WE FILL LTD,2026-09-03,active,ltd,43290,"62 Bensham Grove, Thornton Heath, CR7 8DB, England",no
17437245,ALC ELECTRICAL LTD,2026-09-03,active,ltd,43210,"73 Chichester Drive West, Saltdean, Brighton, BN2 8SF, England",no
17437411,GUTALE BAKERY LTD,2026-09-04,active,ltd,96090,"97 High Street, Harlesden, London, NW10 4TS, United Kingdom",no
17437418,MENCKO LTD,2026-09-04,active,ltd,56101;56103,"367-369 Mansfield Road, Nottingham, NG52DA, England",no
17437426,PRILUSMEYT LTD,2026-09-04,active,ltd,85590;85600,"71-75 Shelton Street, Covent Garden, London, WC2H 9JQ, United Kingdom",yes
17437410,SURREY CHILLS AIR CONDITIONING LTD,2026-09-04,active,ltd,43220,"57 Harrowlands Park, Dorking, RH4 2RA, United Kingdom",no
17437421,PIXIE THAI LTD,2026-09-04,active,ltd,56101,"24 Upper Ham Road, Richmond, TW10 5LA, England",no
17428249,ELLAHGIGI MAKEUP AND BEAUTY LTD,2026-08-30,active,ltd,96020,"Flat 8 Burlington Mansions, Shirley Road, Southampton, SO15 3HX, England",no
17428294,QUENISHAM LIMITED,2026-08-30,active,ltd,96020,"12 Dorothy Gardens, Dagenham, RM8 2HR, England",no
17428293,FLOOR CRAFT LONDON LTD,2026-08-30,active,ltd,16220;41202,"121 Watling Avenue, Edgware, HA8 0LY, United Kingdom",no
17428428,GREENWAY PROPERTY AND PLUMBING SOLUTIONS LTD,2026-08-30,active,ltd,43220;43390,"10 Franklin Road, Gravesend, DA12 5SX, England",no
17428458,THE GENTLEMEN'S CUT LTD,2026-08-30,active,ltd,96020,"186 Streatham Road, Mitcham, CR4 2AF, England",no
17428538,QUALITY SUPERSTORE (AYLESTONE) LTD,2026-08-30,active,ltd,47110,"2 Ivatt Close, Thurnby, Leicester, LE7 9UT, England",no
17428544,PIZZA HAVEN INDIAN CURRY LTD,2026-08-30,active,ltd,56103,"149 Edleston Road, Crewe, CW2 7HR, England",no
17428535,AKHANJI SWEET MAHAL LTD,2026-08-30,active,ltd,47110,"159a Queens Crescent, London, NW5 4EA, England",no
17428536,VALLUM PREMIUM LIMITED,2026-08-30,active,ltd,47722,"7 Wooburn Close, Uxbridge, UB8 3UB, United Kingdom",no
SC900880,EASTFIELD LARDER LTD,2026-08-31,active,ltd,56103,"12 Tay Terrace, Newport-On-Tay, DD6 8AZ, Scotland",no
17428660,SMAWTHORNE SHOP LIMITED,2026-08-31,active,ltd,47110,"44 Smawthorne Lane, Castleford, WF10 4EW, England",no
17428741,UK TEMPORARY KITCHENS LTD,2026-08-31,active,ltd,43290,"22 Church Street, Holbeach, Spalding, PE12 7LL, England",no
17428955,SELBORNE OAK LTD,2026-08-31,active,ltd,41202,"98 Winchester Road, Alton, GU34 5HU, United Kingdom",no
17429047,ROLL A 7 LTD,2026-08-31,active,ltd,47650;56102,"Unit 2, 3 Brunswick Road, Gloucester, Gloucestershire, GL1 1HG, United Kingdom",no
NI743383,REVVED LTD,2026-08-31,active,ltd,56102,"1 Keelmount Grange, Portadown, Craigavon, BT62 1UE, Northern Ireland",no
17429051,V AND M PYTHONS LIMITED,2026-08-31,active,ltd,01490;85590,"65 Cozens Grove, Swindon, SN6 8FS, England",no
17429130,STONEFORGE ROOFING & HOME IMPROVEMENTS LTD,2026-09-01,active,ltd,43910,"32 The Crescent, Spalding, PE11 1AF, England",no
17429127,RSK SUPPORT CIC,2026-09-01,active,private-limited-guarant-nsc,85590;86900,"71-75 Shelton Street, London, WC2H 9JQ, England",no
17429144,P.O.A ENTERPRISES LTD,2026-09-01,active,ltd,47750;47910;96020,"Flat 3 30a Horse Fair, Banbury, OX16 0AE, England",no
17429395,REDROZ LTD,2026-09-01,active,ltd,81210,"332 Leeds Road, Wakefield, WF1 2JA, England",no
17429741,GHAFF LTD,2026-09-01,active,ltd,49320;77110;81299,"325 Two Mile Hill Road, Bristol, BS15 1AN, England",no
SC900990,212 BAZ COMPANY LTD,2026-09-01,active,ltd,47110,"212 Main Street, Bellshill, ML4 1AB, Scotland",no
17429752,GOO COOL LTD,2026-09-01,active,ltd,56290,"137 Shakespeare Crescent, London, E12 6LW, United Kingdom",no
17430078,MEDS2YOU (WALSALL) LTD,2026-09-01,active,ltd,47730,"Ground Floor Office Unit 2 Carnegie Court, The Broadway Farnham Common, Slough, SL2 3GQ, United Kingdom",no
17430084,FUSE RESIN SURFACES LTD,2026-09-01,active,ltd,43999,"4 Capricorn Centre, Cranes Farm Road, Basildon, Essex, SS14 3JJ, United Kingdom",no
17430443,CONTINENTAL FOOD NE LTD,2026-09-01,active,ltd,56103,"Unit 32 Newcastle Enterprise Centres Lynnwood, Lynnwood Terrace, Newcastle Upon Tyne, NE4 6UL, United Kingdom",no
17430430,HEX FLO LTD,2026-09-01,active,ltd,46160;46420;47710;47820,"27 Elm Road, Greenhithe, DA9 9DL, United Kingdom",no
17430693,DULWICH HAMLET FC IN THE COMMUNITY LTD,2026-09-01,active,private-limited-guarant-nsc,93199,"11 Fairmont Close, Belvedere, DA17 5LY, England",no
17430709,EIZBIZ CONSTRUCTION LIMITED,2026-09-01,active,ltd,41202,"203 Kilburn High Road, London, NW6 7HY, United Kingdom",no
17430710,AB PLUMBING AND GAS MIDLANDS LIMITED,2026-09-01,active,ltd,43220,"6 Beaumont Avenue, Hinckley, Leicestershire, LE10 0JN, England",no
17430714,ROAM AND ROOT DOG WALKING AND SITTING SERVICES LIMITED,2026-09-01,active,ltd,96090,"8 Buriton Close, Havant, PO9 2FZ, England",no
SC901085,BETTERLINK UK GLOBAL RESOURCES LTD,2026-09-01,active,ltd,56103,"1/2 17 Argyle Street, Paisley, PA1 2ET, Scotland",no
17431245,RUTHERFORD PLUMBING LTD,2026-09-01,active,ltd,43220,"18 Letchford Gardens, London, NW10 6AN, England",no
SC901122,ISLAND DINING LTD,2026-09-01,active,ltd,56101,"22 West Main Street, Darvel, Ayrshire, KA17 0AQ, United Kingdom",no
SC901119,GOVAN COZY CAFE LIMITED,2026-09-01,active,ltd,56103,"66a Victoria Street, Blantyre, G72 0BS, Scotland",no
17431699,K SHINE CAR WASH LTD,2026-09-01,active,ltd,81299,"28a Tipton Road, Dudley, DY1 4SH, United Kingdom",no
NI743400,CPMH LTD,2026-09-01,active,ltd,41202,"78 Gortnessy Meadows, Londonderry, BT47 3FW, United Kingdom",no
17431702,O'CONNOR ELECTRICAL SERVICES (NW) LTD,2026-09-01,active,ltd,43210,"57 St John's Road, Liverpool, Huyton, L36 0UR, England",no
17431695,RED HOUSE 1886 LTD,2026-09-01,active,ltd,56302,"9 Eden Grove, London, N7 8EE, England",no
17432042,DASHI CARPENTRY LTD,2026-09-01,active,ltd,43320,"18 St. Paul Close, Uxbridge, UB8 3SF, England",no
17432180,ADAPTIVE CLIMATE LTD,2026-09-01,active,ltd,43220;46740;47540,"Sabichi House 5 Wadsworth Road, Perivale, Greenford, UB6 7JD, England",no
17432186,PREMIUM PROPERTIES NORTH LTD,2026-09-01,active,ltd,55209,"52 Crescent Road, Manchester, M8 9JU, United Kingdom",no
17432184,RISTRETTO RUBRIC LIMITED,2026-09-01,active,ltd,85590,"9 Greaves Avenue, Walsall, WS5 3QF, England",no
17432181,KRYSTAL ROC LTD,2026-09-01,active,ltd,56210;77390;81210;82301,"66 Paul Street, London, England, EC2A 4NA, United Kingdom",yes
17432248,WOKX LIMITED,2026-09-01,active,ltd,56290,"14 The Crescent, Leeds, LS6 2NW, United Kingdom",no
17432246,GLOBALKITSSTORE LTD,2026-09-01,active,ltd,47710;47910,"29 Rivenhall Square, Liverpool, L24 1WD, United Kingdom",no
17432241,CRS COSTUCTION & PROPERTY MAINTENANCE LTD,2026-09-01,active,ltd,41202,"149 Rosebery Street, Manchester, M14 4UU, England",no
17432337,BEAUTY & COSMETICS LTD,2026-09-02,active,ltd,96090,"71-75 Shelton Street, Covent Garden, London, WC2H 9JQ, United Kingdom",yes
17432342,WINDOWSEAL LIMITED,2026-09-02,active,ltd,43290,"Willow Bank Clay Lane, Marton, Winsford, CW7 2QG, England",no
17432341,JJBURNI LTD,2026-09-02,active,ltd,56302,"1 Park House Lodge, Upsall, Thirsk, YO7 2NU, England",no
17432327,JUST SCOOPS UK LTD,2026-09-02,active,ltd,47290,"14 Grosvenor Road, London, SE25 5AW, United Kingdom",no
17432458,BAYT HARAKA LIMITED,2026-09-02,active,ltd,56103;56210,"71-75 Shelton Street, Covent Garden, London, WC2H 9JQ, United Kingdom",yes
17432595,THEONET C.I.C.,2026-09-02,active,private-limited-guarant-nsc,70229;72190;74901;85590,"Flat 21 Duncombe House, Windlesham Grove, London, SW19 6AJ, England",no
17432597,SEEN ABROAD CIC,2026-09-02,active,private-limited-guarant-nsc,78109;85590;85600;88990,"124 City Road, London, EC1V 2NX, England",no
17432728,SMILE FACE LTD,2026-09-02,active,private-limited-guarant-nsc,46900;81210,"Flat 1 Napier, The Concourse, London, NW9 5UN, England",no
17432741,RAY11 LIMITED,2026-09-02,active,ltd,41201;41202;43290,"9 Torridon Court, Bletchley, Milton Keynes, MK2 3PP, England",no
17432914,AM UNIQUE EVENTS LIMITED,2026-09-02,active,ltd,79909;93199,"Suite Ra01 195-197 Wood Street, London, E17 3NU, United Kingdom",no
17433164,SFCUSTOMS LTD,2026-09-02,active,ltd,45200,"40 Greensome Drive, Ferndown, BH228BE, United Kingdom",no
17433144,DEL BOY HANDYMAN SERVICES LTD,2026-09-02,active,ltd,43390,"66 Paul Street, London, EC2A 4NA, England",no
17433167,HB LUTON LIMITED,2026-09-02,active,ltd,56103,"38 Brook Street, Luton, LU3 1DS, England",no
17433171,RYDER PROPERTY MAINTENANCE LTD,2026-09-02,active,ltd,43390,"2e Graham Road, Harrow, HA3 5RF, England",no
17433168,SOPHIE’S CREW LTD,2026-09-02,active,ltd,96090,"5 Lifeguard Mews, Coventry, CV3 1QA, United Kingdom",no
17433147,LGREER FITNESS LTD,2026-09-02,active,ltd,93199,"167-169 Great Portland Street 5th Floor, London, W1W 5PF, United Kingdom",no
17433517,NELLIEDENATA LTD,2026-09-02,active,ltd,47240,"66 Paul Street, London, England, EC2A 4NA, United Kingdom",yes
17433510,BFS PUBS LIMITED,2026-09-02,active,ltd,56290,"Tythings, Queens Road, Bristol, BS13 8LB, United Kingdom",no
17433634,BOBBY’S SUPERSTORE LTD,2026-09-02,active,ltd,47110,"1 Old Park Mews, Hounslow, TW5 0QD, England",no
17433636,CULTURE PERFORMANCE LTD,2026-09-02,active,ltd,93130,"40 Warwick Road, Coulsdon, CR5 2EE, England",no
17433653,VAPE CLOUD SOUTHEND LTD,2026-09-02,active,ltd,47110,"483 London Road, Westcliff-On-Sea, SS0 9LG, England",no
SC901266,MUNROS FAST FOOD LTD,2026-09-02,active,ltd,56102;56103,"C/O Kpp Chartered Accountants, Unit 3 Cloud, 37 Rosyth Road, Glasgow, G5 0YE, Scotland",no
17433743,GLOW & VIBE LTD,2026-09-02,active,ltd,46450;47750,"95 Everton Drive, Stanmore, HA7 1EA, United Kingdom",no
17433759,MYRMIDON IMAGES LIMITED,2026-09-02,active,ltd,74209,"16 Langton Way, London, SE3 7TL, United Kingdom",no
17433748,HELLAS ROOFING LTD,2026-09-02,active,ltd,43910,"22 Netherwood Avenue, Castleford, WF10 2QW, United Kingdom",no
17433754,FORME STRENGTH LTD,2026-09-02,active,ltd,93199,"Norwich Accountancy, 19 Upper King Street, Norwich, Norfolk, NR3 1RB, England",no
17433751,CHEETHAM HILL STORE LTD,2026-09-02,active,ltd,47110,"426 Cheetham Hill Road, Manchester, M8 9LE, England",no
17434020,HIGHER WALTON PIZZAS LTD,2026-09-02,active,ltd,56103,"32 Church Terrace, Higher Walton, Preston, PR5 4DY, United Kingdom",no
17434032,KE EVOLVE LTD,2026-09-02,active,ltd,85590,"71-75 Shelton Street, Covent Garden, London, WC2H 9JQ, United Kingdom",yes
17434562,STANSTED AIRCON LTD,2026-09-02,active,ltd,43220,"Belmont Suite Paragon Business Park, Chorley New Road, Bolton, Lancashire, BL6 6HG, England",no
NI743465,TOMAN ROOFING LTD,2026-09-02,active,ltd,43320,"27 Clogharevan Park, Bessbrook, Newry, BT35 7BE, Northern Ireland",no
17434572,ASYA LTD,2026-09-02,active,ltd,56103,"2 Boundary Road, Leicester, LE2 7PE, England",no
17434724,EQUINOX AIR CONDITIONING LTD,2026-09-02,active,ltd,43220,"20 Thirlmere Close, Frodsham, WA6 7LZ, England",no
SC901349,RESTOR8 LTD,2026-09-02,active,ltd,43999,"5 Symington Square, East Kilbride, Glasgow, G75 0JH, Scotland",no
17434902,QUALITY&COMFORT LTD,2026-09-02,active,ltd,41201;41202;43210;43220,"233 Eastcote Lane, Harrow, HA2 8RR, England",no
17435143,THE CHESTER PAWS AND PILLOWS LTD,2026-09-03,active,ltd,96090,"167-169 Great Portland Street, 5th Floor, London, W1W 5PF, England",no
17435142,A SUNKARA CATERING LTD,2026-09-03,active,ltd,56102;56210;56290,"30 Gordon Street, Coventry, CV1 3ES, England",no
17435328,THE WAYS FOOD GROUP LTD,2026-09-03,active,ltd,56290,"Far Oaks Furlongs, Copcut Lane, Droitwich, WR9 7JB, United Kingdom",no
17435350,SERDIL LIMITED,2026-09-03,active,ltd,56103,"303c Green Lanes, London, N13 4XS, England",no
17435644,CHARMZY BEAUTY EXTENSIONS LTD,2026-09-03,active,ltd,96020,"12 Pursley Road, London, NW7 2BT, United Kingdom",no
17435882,HMC OPERATIONS & PERFORMANCE LTD,2026-09-03,active,ltd,70229;85510;96040,"95 Teal Road, Whittlesey, Peterborough, PE7 1YG, England",no
17435866,LE BLANC MAISON LIMITED,2026-09-03,active,ltd,62020;70229;85590,"Suite 176 Fortuna House, 88 Queen Street, Sheffield, S1 2FW, United Kingdom",no
SC901393,DR Q SKINCARE LIMITED,2026-09-03,active,ltd,47750;47910,"3/3 Ingram House 227 Ingram Street, Glasgow, G1 1DA, Scotland",no
17436101,AMELIYA BLOOM LTD,2026-09-03,active,ltd,47110;55100;56101;56102,"17 Elm Drive, Holbeach, Spalding, Lincolnshire, PE12 7GG, United Kingdom",no
17436094,ROL ASHFORD LIMITED,2026-09-03,active,ltd,56302,"6 Corporation Street, Chesterfield, S41 7TP, England",no
17436354,MELVILLE ENTERPRISE LTD,2026-09-03,active,ltd,43999;71112;81300,"2 Edenham Way, London, W10 5XA, England",no
17436340,BARBER CUTZ LIMITED,2026-09-03,active,ltd,96020,"114 Wilmslow Road, Manchester, M14 5AH, United Kingdom",no
17436506,RM TIMP LIMITED,2026-09-03,active,ltd,85590,"15 Victoria Mews, Mill Field Road, Bingley, West Yorkshire, BD16 1PY, England",no
17436747,GREENCRAFT GARDENS LTD,2026-09-03,active,ltd,38110;43390;81300,"31 Beacon Drive, Kirkby-In-Ashfield, Nottingham, NG17 7NL, England",no
17436740,WELLS & CO DEVELOPMENTS LTD,2026-09-03,active,ltd,43290,"2 Atlantic Business Park Hayes Lane, Sully, Penarth, CF64 5AB, Wales",no
17436745,GUNMETAL OFFICIAL LIMITED,2026-09-03,active,ltd,47710,"6 Foundry Mews, London, SW13 9AZ, England",no
17436757,PRO2PRO EVENTS LIMITED,2026-09-03,active,ltd,93199,"2nd Floor Preston Park House, South Road, Brighton, BN1 6SB, United Kingdom",no
17436860,BASI CONSTRUCTION LTD,2026-09-03,active,ltd,41100;41201;41202;43210,"71-75 Shelton Street, Covent Garden, London, WC2H 9JQ, United Kingdom",yes
17437154,AMBIENTS INC HERTS LTD,2026-09-03,active,ltd,45200;45320,"Flat 1 Tourers House, 7 Track Street, London, E17 7FP, England",no
17437504,GLOW AND GROW WELLBEING LTD,2026-09-04,active,ltd,96020,"9, Larcom House, Larcom Street, London, SE171RT, United Kingdom",no
17437503,COASTAL CLIMATE LTD,2026-09-04,active,ltd,43220,"24 Seabourne Road,, Bournemouth, Dorset, BH5 2HT, England",no
17437495,GP AUTOMOTIVE LTD,2026-09-04,active,ltd,45200,"Soverign House, Ellen Terrace, Washington, NE37 3AS, England",no
17437499,PASHLUX LIMITED,2026-09-04,active,ltd,43210;46520,"22 Coledale Drive, Stanmore, Middlesex, HA7 2QF, United Kingdom",no
17437527,DOORS AND WINDOWS ONLINE LTD,2026-09-04,active,ltd,43342,"Unit 5 Stephen Gray Road, Bromfield Industrial Estate, Mold, Clwyd, CH7 1HE, United Kingdom",no
17429548,SLURPPOPNCANDY LTD,2026-09-01,active,ltd,56103;56290,"20 Wenlock Road, London, N1 7GU, England",no
17429534,LUX HIBERNA LIMITED,2026-09-01,active,ltd,47990;74100;96090,"5 Kingsbere Road, Poole, BH15 3RB, United Kingdom",no
17429570,KEYFAST LOCKSMITHS LTD,2026-09-01,active,ltd,45200,"Flat 4, 50, Lady Hamilton Court, Barnstaple Road, Southend-On-Sea, SS1 3QH, United Kingdom",no
17429921,VICTRI GROUP LTD,2026-09-01,active,ltd,43999;52290,"124-128 City Road, London, EC1V 2NX, United Kingdom",no
17429937,SCHOLARLY INSIGHTS ACADEMIA LTD,2026-09-01,active,ltd,58190;70229;85590,"188a Carlton Road, Nottingham, Nottinghamshire, NG3 2BB, United Kingdom",no
17429906,ONOUR IMPRAM VENTURES LTD,2026-09-01,active,ltd,58290;62012;70229;85590,"71-75 Shelton Street, Covent Garden, London, WC2H 9JQ, United Kingdom",yes
NI743389,P & M CONSTRUCTION LTD,2026-09-01,active,ltd,41202,"Office 1 Townsend Enterprise Park, 28 Townsend Street, Belfast, BT13 2ES, Northern Ireland",no
17430175,REHOBOTH LEADERSHIP ACADEMY LTD,2026-09-01,active,ltd,47190;85510;85600;93199,"9 Chapel Court, Milton Road, Swanscombe, Kent, DA10 0NE, United Kingdom",no
17430401,ATK POWER SERVICES LTD,2026-09-01,active,ltd,43290,"102 Marsdale, Hull, HU7 4AG, England",no
17430404,SHINE WITH CLAUDIA LTD,2026-09-01,active,ltd,81210,"30 Craigweil Drive, Stanmore, HA7 4TU, England",no
17431458,FTP COMPETITIONS LTD,2026-09-01,active,ltd,96090,"Ftp Competitions Ltd 16 Station Road, Port Talbot, Swansea, SA131JB, United Kingdom",no
SC901125,PERTH TAY LTD,2026-09-01,active,ltd,56103,"365 Victoria Road, Glasgow, Lanarkshire, G42 8YZ, Scotland",no
17431447,CAM OG LTD,2026-09-01,active,ltd,56101,"72 Church Street, Hartlepool, TS24 7DN, United Kingdom",no
17431452,VICTORY ROOFING LTD,2026-09-01,active,ltd,43910,"63 Wellgarth, Evenwood, Bishop Auckland, DL14 9QX, England",no
17431614,CH4 BIOSOLUTIONS LTD,2026-09-01,active,ltd,43290,"99 Avon Road, Worcester, WR4 9AQ, England",no
17431611,AURA SPECIAL PROJECTS LTD,2026-09-01,active,ltd,43290;43910,"46 Haggstones Road, Oughtibridge, Sheffield, S35 0GP, England",no
17431595,SBT DE'LUXE. CO LTD,2026-09-01,active,ltd,47190;47910,"17 Stanley Road, Swanscombe, DA10 0HY, United Kingdom",no
17431627,RACCOON THREADS LTD,2026-09-01,active,ltd,47710;47910,"14 Leicester Road, Bootle, L20 9BR, United Kingdom",no
17431591,LAUR CONSTRUCTION LTD LTD,2026-09-01,active,private-limited-guarant-nsc,43999,"118 Boaler Street, Liverpool, L6 6AD, England",no
17431616,MHQ DESSERTS AND FAST FOOD LTD,2026-09-01,active,ltd,56290,"46 Houghton Place, Bradford, BD1 3RG, United Kingdom",no
17431610,GRACE EXPRESS LTD,2026-09-01,active,ltd,47110;47190,"143-145 West Street, Bedminster, Bristol, BS3 3PN, United Kingdom",no
17431870,PIT LANE AUTO SPA LTD,2026-09-01,active,ltd,81299,"North Hyde House, Hayes Road, Southall, UB2 5NS, England",no
17432078,PURE SWEPT CLEANING LTD,2026-09-01,active,ltd,81229;81299,"66 Paul Street, London, England, EC2A 4NA, United Kingdom",yes
17432262,LUXORA1 CLEANING LTD,2026-09-01,active,ltd,81222,"214 Drapers Fields, Coventry, CV1 4RE, England",no
SC901176,MEDINA DEL MARE LTD,2026-09-02,active,ltd,46330;47290;47810;47910,"7 Hilton Place, Airdrie, ML6 9BF, United Kingdom",no
17432282,KITCHEN91 LTD,2026-09-02,active,ltd,56103,"14 Dene Court Dene Gardens, Stanmore, HA7 4TA, England",no
17432498,KEYSTONE PROPERTY WORKS LTD,2026-09-02,active,ltd,41202;43220;43390;43999,"71-75 Shelton Street, Covent Garden, London, WC2H 9JQ, United Kingdom",yes
17432680,2 FINGERS ON THE PULSE CIC,2026-09-02,active,private-limited-guarant-nsc,85590;86900,"565 Rayners Lane, Pinner, HA5 5HP, England",no
17432678,LONSDALE ELECTRICAL LIMITED,2026-09-02,active,private-limited-guarant-nsc,43210,"417 Ashby Road, Boundary, Swadlincote, DE11 7BB, England",no
17432663,CWL GROUP LIMITED,2026-09-02,active,ltd,56302,"15 Deepdale, Wallsend, NE28 8SL, United Kingdom",no
17432846,RAPID RESPONSE REGEN & MAINTENANCE LTD,2026-09-02,active,ltd,38110;81299;81300,"51 Hexham Avenue, Newcastle Upon Tyne, NE6 3AL, United Kingdom",no
17432843,XXD LTD,2026-09-02,active,ltd,41201;41202,"2 Warren Road, Luton, LU1 1UQ, England",no
17433070,RAMEN AND SUSHI AUTHENTIC JAPANESE RESTAURANT CUISINE LTD,2026-09-02,active,ltd,56101,"36 Market Place, Boston, PE21 6NH, United Kingdom",no
17433082,BITS AND BOBS CLEANING COMPANY LTD,2026-09-02,active,ltd,81210,"4 Rutland Road, Cadishead, Manchester, M44 5FN, England",no
17433088,SHAWARMA GUYS2 LTD,2026-09-02,active,ltd,56103,"113 Week Street, Maidstone, ME14 1RB, England",no
17433227,GFITTINGTEAM LTD,2026-09-02,active,ltd,43390,"The Grove Charlwood Road, Ifield, Crawley, RH11 0JZ, England",no
17433450,786 SECURITY LTD,2026-09-02,active,ltd,33140;43210;80200,"313 High Street, Gateshead, NE8 1EQ, United Kingdom",no
17433464,SORSPEED SPEDITON LTD,2026-09-02,active,ltd,43220;45112;49410;49420,"24 Sussex Way, Canvey Island, SS8 9XE, England",no
17433570,GLOWTIQUE SKIN & LASER CLINIC LTD,2026-09-02,active,ltd,85600;86900;96020,"128 City Road, London, EC1V 2NX, United Kingdom",yes
17433583,BASSINI AUCTION HOUSES LIMITED,2026-09-02,active,ltd,96090,"166 College Road, Harrow, Middlesex, HA1 1RA, United Kingdom",no
17433651,HOMEMADE TIFFIN LIMITED,2026-09-02,active,ltd,56103,"106 Bensham Lane, Thornton Heath, CR7 7ES, England",no
17433808,ASA(UK) CUISINE LTD,2026-09-02,active,ltd,56102;56103,"9 Constitution Hill, Snow Hill, Birmingham, West Midlands, B19 3LG, England",no
17433806,BIRKDALE STAIRCASE COMPANY LTD,2026-09-02,active,ltd,16230;43320,"47-49 Guildford Road, Southport, PR8 4JU, England",no
17433897,PRO PHOTO GUY LTD,2026-09-02,active,ltd,74202,"20 Wenlock Road, London, N1 7GU, England",no
