company_number,company_name,date_of_creation,emails,phones,whatsapp_candidate,status,sources
17428271,QTYONE UK LTD,2026-08-30,,,no,no_contact,officers_api
17428270,DANMAREVM LTD,2026-08-30,,,no,no_contact,officers_api
17428269,FIERCE MILD CATERING LTD,2026-08-30,,,no,no_contact,officers_api
17428299,TOWER FILMS LIMITED,2026-08-30,,,no,no_contact,officers_api
17428298,PERKS GROUP LTD,2026-08-30,,,no,no_contact,officers_api
17428360,T & G ENGINEERING SERVICES LTD,2026-08-30,john@tgengineering.co.uk; john.s@tgengineering.co.uk; john.smith@tgengineering.co.uk; johnsmith@tgengineering.co.uk; john_smith@tgengineering.co.uk; smith@tgengineering.co.uk,,no,lead,officers_api; web_scrape
17428362,EOLAS PHARMA CONSULTING LTD,2026-08-30,,,no,no_contact,officers_api
17428363,PHONE TECH GEAR LTD,2026-08-30,,,no,no_contact,officers_api
17428478,GEMINI FIRE DOORS LTD,2026-08-30,,,no,no_contact,officers_api
17428479,DEVENTIA TECH LTD,2026-08-30,,,no,no_contact,officers_api
17428481,DAYL NEXUS LIMITED,2026-08-30,,,no,no_contact,officers_api
17428480,LANDMATRIX LTD,2026-08-30,,,no,no_contact,officers_api
17428562,TELCHAR SYSTEMS LTD,2026-08-31,,,no,no_contact,officers_api
17428571,THE SWEET & SIP LIMITED,2026-08-31,,,no,no_contact,officers_api
17428573,TAN SOLUTIONS LTD,2026-08-31,,,no,no_contact,officers_api
17428560,RABEXA LTD,2026-08-31,,,no,no_contact,officers_api
17428716,GRAEM UK LTD,2026-08-31,,,no,no_contact,officers_api
17428717,ULTRA CONFIDENTIAL LTD,2026-08-31,,,no,no_contact,officers_api
17428718,INTENSITY COACHING LIMITED,2026-08-31,,,no,no_contact,officers_api
17428715,FRONTIER GOODS LTD,2026-08-31,,,no,no_contact,officers_api
17428722,CHAPTER GROUP & SYSTEMS CO LTD,2026-08-31,,,no,no_contact,officers_api
17428788,VANGUARD RESPONSE GROUP LTD,2026-08-31,,,no,no_contact,officers_api
17428791,ITANO LTD,2026-08-31,,,no,no_contact,officers_api
SC900918,CRANE HOUSE EDINBURGH LIMITED,2026-08-31,,,no,no_contact,officers_api
