company_number,company_name,phone,status,sent_at
17428885,RCB WAKEFIELD LTD,,sent,2026-10-01T04:45:26.270Z
17436572,MERIDIAN DISCOVERY SCIENCES LTD,,no_whatsapp,2026-10-01T04:45:40.803Z
SC901517,PLATINUM GLEAM LTD,,no_whatsapp,2026-10-01T04:45:41.065Z
17432008,BUILDSIGN LIMITED,,no_whatsapp,2026-10-01T04:45:41.326Z
17434748,MRQK UK LTD,,no_whatsapp,2026-10-01T04:45:41.586Z
SC901349,RESTOR8 LTD,,sent,2026-10-01T04:46:34.918Z
17435143,THE CHESTER PAWS AND PILLOWS LTD,,sent,2026-10-02T05:39:55.331Z
17435350,SERDIL LIMITED,,no_whatsapp,2026-10-02T05:40:05.672Z
17437070,TECH SOLUTION RVL LTD,,no_whatsapp,2026-10-02T05:40:05.922Z
17437527,DOORS AND WINDOWS ONLINE LTD,,no_whatsapp,2026-10-02T05:40:06.172Z
17429359,PROMPT SOLUTIONS LTD,,no_whatsapp,2026-10-02T05:40:06.423Z
17429548,SLURPPOPNCANDY LTD,,no_whatsapp,2026-10-02T05:40:55.248Z
17430184,NORMAN & CLARK MOT & SERVICING LTD,,no_whatsapp,2026-10-02T05:40:55.633Z
17430190,COMFORT & CO SOFAS AND BEDS LTD,,sent,2026-10-02T05:40:57.247Z
17431452,VICTORY ROOFING LTD,,sent,2026-10-02T05:41:14.662Z
17428891,SJS AUTOS LIMITED,,no_whatsapp,2026-10-02T05:41:25.468Z
